FID_EXT,Districts,RX1,CWD,Both
0,Nicobar Islands,0,0,0
1,North and Middle Andaman,0,0,0
2,South Andaman,0,0,0
3,Anantapur,0,0,0
4,Chittoor,0.077260354,0.154520708,0.115890531
5,East Godavari,1.422573314,0.853543989,1.138058651
6,Guntur,0.394497477,0.197248739,0.295873108
7,Krishna,0.96808502,0.322695007,0.645390014
8,Kurnool,0.049777805,0.049777805,0.049777805
9,Nellore,0.193916508,0.193916508,0.193916508
10,Prakasam,0.148053974,0.049351325,0.098702649
11,Srikakulam,1.375768748,0.687884374,1.031826561
12,Visakhapatnam,0.866140812,0.866140812,0.866140812
13,Vizianagaram,0.782946557,0.587209917,0.685078237
14,West Godavari,1.702352211,0.567450737,1.134901474
15,Y.S.R.,0.077368849,0.025789616,0.051579232
16,Anjaw,NA,NA,NA
17,Changlang,0,0,0
18,Dibang Valley,0,0,0
19,East Kameng,0,0,0
20,East Siang,0,0,0
21,Kurung Kumey,0,0,0
22,Lohit,0,0,0
23,Longding,0,0,0
24,Lower Dibang Valley,0,0,0
25,Lower Subansiri,0,0,0
26,Namsai,0,0,0
27,Papum Pare,0,0,0
28,Tawang,0,0,0
29,Tirap,0,0,0
30,Upper Siang,0,0,0
31,Upper Subansiri,0,0,0
32,West Kameng,0,0,0
33,West Siang,0,0,0
34,Baksa,0,1.559391983,0.779695991
35,Barpeta,0,3.186171348,1.593085674
36,Bongaigaon,1.337765995,4.013297984,2.675531989
37,Cachar,2.511678083,3.767517124,3.139597604
38,Chirang,0,0.90122054,0.45061027
39,Darrang,0,2.766577414,1.383288707
40,Dhemaji,0,0.705869888,0.352934944
41,Dhubri,3.922173397,3.922173397,3.922173397
42,Dibrugarh,0,0.999583743,0.499791872
43,Dima Hasao,0,0.029164916,0.014582458
44,Goalpara,0,1.636978709,0.818489355
45,Golaghat,0,1.146500035,0.573250018
46,Hailakandi,0.372725026,1.490900105,0.931812565
47,Jorhat,0,0.69776394,0.34888197
48,Kamrup,1.77326121,1.77326121,1.77326121
49,Kamrup Metropolitan,0.291493189,0.874479568,0.582986378
50,Karbi Anglong,0,0.120082304,0.060041152
51,Karimganj,0,2.715972508,1.357986254
52,Kokrajhar,0.650642171,0.650642171,0.650642171
53,Lakhimpur,0,1.521554838,0.760777419
54,Morigaon,0,2.578038338,1.289019169
55,Nagaon,0,2.821907049,1.410953524
56,Nalbari,0,5.4891851,2.74459255
57,Sivasagar,0,1.416205477,0.708102738
58,Sonitpur,0,0.861946617,0.430973308
59,Tinsukia,0,1.000322604,0.500161302
60,Udalguri,0,0.880465308,0.440232654
61,Araria,2.080116341,2.080116341,2.080116341
62,Arwal,0,0.79497042,0.39748521
63,Aurangabad,0,1.771309288,0.885654644
64,Banka,0,1.950259415,0.975129708
65,Begusarai,2.109045694,2.109045694,2.109045694
66,Bhagalpur,1.655019476,2.482529214,2.068774345
67,Bhojpur,0,0,0
68,Buxar,0,2.194114376,1.097057188
69,Darbhanga,0,2.099981069,1.049990534
70,Gaya,0,1.46384965,0.731924825
71,Gopalganj,2.660518928,2.660518928,2.660518928
72,Jamui,1.539846369,3.079692738,2.309769554
73,Jehanabad,0,0.702074129,0.351037065
74,Kaimur,0,2.269289866,1.134644933
75,Katihar,3.523244894,3.523244894,3.523244894
76,Khagaria,4.27177394,4.27177394,4.27177394
77,Kishanganj,0.99038761,0.99038761,0.99038761
78,Lakhisarai,2.789929689,2.789929689,2.789929689
79,Madhepura,0.856518128,1.713036256,1.284777192
80,Madhubani,1.080153894,2.160307789,1.620230841
81,Munger,0,2.207322089,1.103661044
82,Muzaffarpur,1.760697987,1.760697987,1.760697987
83,Nalanda,0.740695106,1.234491843,0.987593475
84,Nawada,0,1.921645944,0.960822972
85,Pashchim Champaran,2.641767882,2.641767882,2.641767882
86,Patna,0,0,0
87,Purba Champaran,2.768985947,2.768985947,2.768985947
88,Purnia,1.941343794,2.329612553,2.135478174
89,Rohtas,0,2.377902715,1.188951357
90,Saharsa,0,2.219632715,1.109816357
91,Samastipur,1.419049979,2.128574968,1.773812473
92,Saran,1.951867424,1.951867424,1.951867424
93,Sheikhpura,1.280241034,1.706988046,1.49361454
94,Sheohar,1.253482455,2.506964909,1.880223682
95,Sitamarhi,0,2.915590882,1.457795441
96,Siwan,3.230768145,3.230768145,3.230768145
97,Supaul,0,1.89689876,0.94844938
98,Vaishali,1.531532388,1.531532388,1.531532388
99,Chandigarh,0,0.808823529,0.404411765
100,Balod,0.202250421,0.202250421,0.202250421
101,Baloda Bazar,0.16567953,0.33135906,0.248519295
102,Balrampur,0,0,0
103,Bastar,0.052714786,0.158144359,0.105429573
104,Bemetara,0,0,0
105,Bijapur,0,0,0
106,Bilaspur,0,0.716629704,0.358314852
107,Dantewada,0,0,0
108,Dhamtari,0,0.204797538,0.102398769
109,Durg,0,1.005530306,0.502765153
110,Gariaband,0,0,0
111,Janjgir-Champa,0,1.237387068,0.618693534
112,Jashpur,0,0,0
113,Kabeerdham,0.271553018,0.271553018,0.271553018
114,Kondagaon,0,0,0
115,Korba,0.098631216,0.197262431,0.147946824
116,Koriya,0,0,0
117,Mahasamund,0.033418836,0.033418836,0.033418836
118,Mungeli,0,0.559215343,0.279607671
119,Narayanpur,0,0,0
120,Raigarh,0.002214357,0.00664307,0.004428713
121,Raipur,0,1.01080073,0.505400365
122,Rajnandgaon,0,0.266905113,0.133452556
123,Sukma,0,0,0
124,Surajpur,0,0.310609331,0.155304666
125,Surguja,0.212999327,0.425998654,0.319498991
126,Uttar Bastar Kanker,0,0,0
127,Dadra and Nagar Haveli,1.24831694,1.24831694,1.24831694
128,Daman,1.441176471,1.441176471,1.441176471
129,Diu,0,0,0
130,North Goa,0.667674084,0.667674084,0.667674084
131,South Goa,0.42650213,0.42650213,0.42650213
132,Ahmadabad,0.15352102,0.15352102,0.15352102
133,Amreli,0,0,0
134,Anand,0,1.273575358,0.636787679
135,Aravalli,1.020346803,1.020346803,1.020346803
136,Banas Kantha,0.734813984,0.489875989,0.612344987
137,Bharuch,0,0.406342066,0.203171033
138,Bhavnagar,0.755891373,0.755891373,0.755891373
139,Botad,0,0,0
140,Chhota Udaipur,0.06525307,0.06525307,0.06525307
141,Dahod,2.184922371,2.184922371,2.184922371
142,Devbhumi Dwarka,0.076389724,0.076389724,0.076389724
143,Gandhinagar,0.76727435,0.76727435,0.76727435
144,Gir Somnath,0.932387159,0.932387159,0.932387159
145,Jamnagar,0.550701027,0.183567009,0.367134018
146,Junagadh,0.223730821,0.223730821,0.223730821
147,Kachchh,0.054444527,0,0.027222263
148,Kheda,1.153843805,1.153843805,1.153843805
149,Mahesana,0.974757727,0.974757727,0.974757727
150,Mahisagar,1.690864149,1.690864149,1.690864149
151,Morbi,0.016708559,0.00835428,0.012531419
152,Narmada,0,0,0
153,Navsari,2.799080963,2.799080963,2.799080963
154,Panch Mahals,1.720955866,1.720955866,1.720955866
155,Patan,0.642649265,0.321324632,0.481986949
156,Porbandar,0.430638434,0.430638434,0.430638434
157,Rajkot,0.892280521,0.446140261,0.669210391
158,Sabar Kantha,0.545359381,0.545359381,0.545359381
159,Surat,0.566349268,0.566349268,0.566349268
160,Surendranagar,0.135856094,0.101892071,0.118874083
161,Tapi,0.077105224,0.154210448,0.115657836
162,The Dangs,0,0,0
163,Vadodara,0.574666454,0.574666454,0.574666454
164,Valsad,1.639906894,1.639906894,1.639906894
165,Ambala,0,1.382672304,0.691336152
166,Bhiwani,0,0,0
167,Faridabad,0.575582129,0.575582129,0.575582129
168,Fatehabad,0,0,0
169,Gurgaon,0,1.104241852,0.552120926
170,Hisar,0.333847596,0,0.166923798
171,Jhajjar,0,1.2179952,0.6089976
172,Jind,2.039043065,0,1.019521533
173,Kaithal,0.259038426,0,0.129519213
174,Karnal,0,0,0
175,Kurukshetra,0,1.035559692,0.517779846
176,Mahendragarh,0,0,0
177,Mewat,0,0,0
178,Palwal,1.757067534,0,0.878533767
179,Panchkula,0,2.02832535,1.014162675
180,Panipat,0,0,0
181,Rewari,0,0.963561247,0.481780623
182,Rohtak,0,0,0
183,Sirsa,0,0,0
184,Sonipat,0,0,0
185,Yamunanagar,0.495469024,0.990938048,0.743203536
186,Bilaspur,0,1.367435211,0.683717605
187,Chamba,0,0,0
188,Hamirpur,0,2.402879699,1.20143985
189,Kangra,0.322802834,0.645605669,0.484204251
190,Kinnaur,0,0,0
191,Kullu,0,0,0
192,Lahul & Spiti,0,0,0
193,Mandi,0,0.778073161,0.389036581
194,Shimla,0,0.071161595,0.035580797
195,Sirmaur,0.032405311,0.032405311,0.032405311
196,Solan,0,0.397527281,0.198763641
197,Una,0.530424602,1.591273807,1.060849205
198,Anantnag,NA,NA,NA
199,Badgam,NA,NA,NA
200,Bandipore,NA,NA,NA
201,Baramulla,NA,NA,NA
202,Doda,0,0,0
203,Ganderbal,NA,NA,NA
204,Jammu,0,0,0
205,Kargil,0,0,0
206,Kathua,0,0,0
207,Kishtwar,0,0,0
208,Kulgam,NA,NA,NA
209,Kupwara,NA,NA,NA
210,Leh (Ladakh),0,0,0
211,Poonch,NA,NA,NA
212,Pulwama,NA,NA,NA
213,Rajouri,0,0,0
214,Ramban,0,0,0
215,Reasi,0,0,0
216,Samba,0,0,0
217,Shupiyan,NA,NA,NA
218,Srinagar,NA,NA,NA
219,Udhampur,0,0,0
220,Bokaro,0,1.058671402,0.529335701
221,Chatra,0,1.195276136,0.597638068
222,Deoghar,0,1.425223218,0.712611609
223,Dhanbad,1.31142113,1.31142113,1.31142113
224,Dumka,2.112425184,2.112425184,2.112425184
225,Garhwa,1.439931878,1.439931878,1.439931878
226,Giridih,1.323581959,2.647163917,1.985372938
227,Godda,1.331572611,1.775430148,1.55350138
228,Gumla,0,0.314370083,0.157185041
229,Hazaribagh,1.082497528,1.082497528,1.082497528
230,Jamtara,1.528097635,1.528097635,1.528097635
231,Khunti,0.012498874,0.024997749,0.018748311
232,Kodarma,0,1.021568099,0.510784049
233,Latehar,0.163245783,0.326491566,0.244868675
234,Lohardaga,1.084343399,1.084343399,1.084343399
235,Pakur,1.4868885,1.4868885,1.4868885
236,Palamu,0,1.676019514,0.838009757
237,Pashchimi Singhbhum,0,0.331096075,0.165548037
238,Purbi Singhbhum,1.01445468,1.01445468,1.01445468
239,Ramgarh,0.489847642,0.979695284,0.734771463
240,Ranchi,0.606531083,1.213062166,0.909796625
241,Sahibganj,2.788702485,2.788702485,2.788702485
242,Saraikela-kharsawan,0.982623747,0.982623747,0.982623747
243,Simdega,0,0,0
244,Bagalkot,0,0,0
245,Bangalore,0,0,0
246,Bangalore Rural,0,0,0
247,Belgaum,0.250224473,1.000897891,0.625561182
248,Bellary,0,0,0
249,Bidar,0.156186417,0.312372834,0.234279625
250,Bijapur,0,0,0
251,Chamrajnagar,0,0,0
252,Chikballapura,0,0,0
253,Chikmagalur,0,0,0
254,Chitradurga,0,0,0
255,Dakshina Kannada,1.313021568,1.313021568,1.313021568
256,Davanagere,0,0,0
257,Dharwad,0,0.866773359,0.43338668
258,Gadag,0,0.269696083,0.134848042
259,Gulbarga,0,0.2903054,0.1451527
260,Hassan,0,0,0
261,Haveri,0,0,0
262,Kodagu,0.053139625,0.053139625,0.053139625
263,Kolar,0,0,0
264,Koppal,0,0,0
265,Mandya,0,0.4539702,0.2269851
266,Mysore,0,0.664922635,0.332461318
267,Raichur,0,0,0
268,Ramanagara,0,0.431066278,0.215533139
269,Shimoga,0.107763483,0.215526965,0.161645224
270,Tumkur,0,0,0
271,Udupi,1.347910519,1.347910519,1.347910519
272,Uttara Kannada,0.052832242,0.07044299,0.061637616
273,Yadgir,0,0,0
274,Alappuzha,1.157001828,2.314003656,1.735502742
275,Ernakulam,2.514985092,2.514985092,2.514985092
276,Idukki,0.126464514,0.252929028,0.189696771
277,Kannur,3.239059574,3.239059574,3.239059574
278,Kasaragod,0,3.538873662,1.769436831
279,Kollam,1.924375388,1.924375388,1.924375388
280,Kottayam,0,3.742435572,1.871217786
281,Kozhikode,3.879636933,3.879636933,3.879636933
282,Malappuram,3.1379516,3.1379516,3.1379516
283,Palakkad,0,2.938203323,1.469101661
284,Pathanamthitta,0.354162954,1.416651816,0.885407385
285,Thiruvananthapuram,0,2.449476747,1.224738373
286,Thrissur,1.344328236,2.688656472,2.016492354
287,Wayanad,0.28151599,0.56303198,0.422273985
288,Lakshadweep,0,0,0
289,Agar Malwa,0,0,0
290,Alirajpur,0.224401498,0.224401498,0.224401498
291,Anuppur,0.136845911,0.410537732,0.273691821
292,Ashoknagar,0.083457393,0.166914785,0.125186089
293,Balaghat,0.067337877,0.101006815,0.084172346
294,Barwani,0.474163976,0.474163976,0.474163976
295,Betul,0,0,0
296,Bhind,0,0.829242799,0.4146214
297,Bhopal,1.633094821,1.633094821,1.633094821
298,Burhanpur,1.153727789,1.153727789,1.153727789
299,Chhatarpur,0,0.262790305,0.131395153
300,Chhindwara,0,0.305691774,0.152845887
301,Damoh,0.214854177,0.214854177,0.214854177
302,Datia,0.220174399,0.440348798,0.330261599
303,Dewas,0.3269114,0.6538228,0.4903671
304,Dhar,0,0.728496444,0.364248222
305,Dindori,0,0.458977879,0.22948894
306,East Nimar,0.373447793,0.373447793,0.373447793
307,Guna,0,0,0
308,Gwalior,0,1.105888145,0.552944073
309,Harda,0,0,0
310,Hoshangabad,0.124697803,0.124697803,0.124697803
311,Indore,0,0.592955245,0.296477623
312,Jabalpur,0.446026117,0.892052234,0.669039176
313,Jhabua,1.635035688,1.635035688,1.635035688
314,Katni,0.197779064,0.296668596,0.24722383
315,Mandla,0,0.021129584,0.010564792
316,Mandsaur,0,0.032245306,0.016122653
317,Morena,0,1.065573612,0.532786806
318,Narsimhapur,0,0,0
319,Neemuch,0.189312386,0.189312386,0.189312386
320,Panna,0.014398035,0.02879607,0.021597053
321,Raisen,0.166021143,0.166021143,0.166021143
322,Rajgarh,0,0,0
323,Ratlam,0.58397052,0.58397052,0.58397052
324,Rewa,1.448379526,1.448379526,1.448379526
325,Sagar,0.27450572,0.41175858,0.34313215
326,Satna,0.319897207,0.47984581,0.399871508
327,Sehore,0.356511014,0.356511014,0.356511014
328,Seoni,0.012663727,0.037991182,0.025327455
329,Shahdol,0,0,0
330,Shajapur,0.60858728,0.60858728,0.60858728
331,Sheopur,0.012933804,0.038801413,0.025867609
332,Shivpuri,0.01382035,0.041461051,0.027640701
333,Sidhi,0.23368595,0.701057851,0.467371901
334,Singrauli,0.318812222,0.637624444,0.478218333
335,Tikamgarh,0,0.533104993,0.266552497
336,Ujjain,0.750947791,0.375473895,0.563210843
337,Umaria,0.012780807,0.025561613,0.01917121
338,Vidisha,0.17387751,0.260816265,0.217346887
339,West Nimar,0.12787121,0.38361363,0.25574242
340,Ahmadnagar,0.089212491,0.267637472,0.178424982
341,Akola,0,0.699594978,0.349797489
342,Amravati,0.165432704,0.496298111,0.330865407
343,Aurangabad,0,0.379022404,0.189511202
344,Bhandara,0.017468637,0.017468637,0.017468637
345,Bid,0.416064059,0.624096088,0.520080073
346,Buldana,0.057874035,0.231496139,0.144685087
347,Chandrapur,0,0,0
348,Dhule,0,0.451670522,0.225835261
349,Garhchiroli,0,0,0
350,Gondiya,0.532387069,0.532387069,0.532387069
351,Hingoli,0.04216134,0.04216134,0.04216134
352,Jalgaon,0,0.416223798,0.208111899
353,Jalna,0,0.300516259,0.15025813
354,Kolhapur,0,1.114306123,0.557153062
355,Latur,0,0.963238535,0.481619268
356,Mumbai City,0,0,0
357,Mumbai Suburban,0.651865859,0.651865859,0.651865859
358,Nagpur,0.11067394,0.221347881,0.166010911
359,Nanded,0.133182988,0.399548964,0.266365976
360,Nandurbar,0,0.535585082,0.267792541
361,Nashik,0.252776882,0.505553765,0.379165324
362,Osmanabad,0,0.452666434,0.226333217
363,Palghar,0.723485517,0.723485517,0.723485517
364,Parbhani,0.338704915,0.338704915,0.338704915
365,Pune,0.18113027,0.301883783,0.241507026
366,Raigarh,0.715794643,0.715794643,0.715794643
367,Ratnagiri,0.183884067,0.183884067,0.183884067
368,Sangli,0,0.406602449,0.203301224
369,Satara,0,0.656048998,0.328024499
370,Sindhudurg,0.024170312,0.012085156,0.018127734
371,Solapur,0,0.082575903,0.041287952
372,Thane,1.047209105,1.047209105,1.047209105
373,Wardha,0.175373463,0.350746926,0.263060194
374,Washim,0,0,0
375,Yavatmal,0,0,0
376,Bishnupur,0,3.024171604,1.512085802
377,Chandel,0,0.016500291,0.008250146
378,Churachandpur,0,0.053284159,0.026642079
379,Imphal East,0.103941047,0.415764189,0.259852618
380,Imphal West,0,1.964993219,0.98249661
381,Senapati,0,0.013020181,0.006510091
382,Tamenglong,0,0,0
383,Thoubal,0,2.053532423,1.026766211
384,Ukhrul,0,0,0
385,East Garo Hills,0,0,0
386,East Khasi Hills,0.37412704,0.37412704,0.37412704
387,Jaintia Hills,0,0.066278387,0.033139193
388,North Garo Hills,0.161269032,0.161269032,0.161269032
389,Ri Bhoi,0,0.139334641,0.06966732
390,South Garo Hills,0.016229892,0.016229892,0.016229892
391,South West Garo Hills,0.208100084,0.208100084,0.208100084
392,South West Khasi Hills,0.017522523,0.017522523,0.017522523
393,West Garo Hills,0.409781202,0.409781202,0.409781202
394,West Khasi Hills,0,0,0
395,Aizawl,0,0.918568462,0.459284231
396,Champhai,0,0,0
397,Kolasib,0,0.089014668,0.044507334
398,Lawangtlai,0,0,0
399,Lunglei,0,0,0
400,Mamit,0.022114405,0.044228809,0.033171607
401,Saiha,0,0,0
402,Serchhip,0,0,0
403,Dimapur,0,0.629324757,0.314662379
404,Kiphire,0,0,0
405,Kohima,0,0.148657868,0.074328934
406,Longleng,0,0,0
407,Mokokchung,0,0.027874916,0.013937458
408,Mon,0,0.046364986,0.023182493
409,Peren,0,0,0
410,Phek,0,0,0
411,Tuensang,0,0.120382475,0.060191237
412,Wokha,0,0.147624109,0.073812054
413,Zunheboto,0,0,0
414,West,0.275408529,0.826225588,0.550817058
415,Anugul,0.218674954,0.437349908,0.328012431
416,Balangir,0.264523798,0.264523798,0.264523798
417,Baleshwar,3.999639121,3.999639121,3.999639121
418,Bargarh,0.205652785,0.205652785,0.205652785
419,Bauda,0,0,0
420,Bhadrak,4.005599714,4.005599714,4.005599714
421,Cuttack,1.243310977,1.864966466,1.554138722
422,Debagarh,0,0,0
423,Dhenkanal,0,0.457068125,0.228534062
424,Gajapati,0.161244121,0.322488242,0.241866182
425,Ganjam,0.726745821,2.180237464,1.453491643
426,Jagatsinghapur,1.6901095,2.53516425,2.112636875
427,Jajapur,1.521427995,1.521427995,1.521427995
428,Jharsuguda,0.28173965,0.352174562,0.316957106
429,Kalahandi,0.07000013,0.07000013,0.07000013
430,Kandhamal,0.0317441,0.0317441,0.0317441
431,Kendrapara,4.755065259,4.755065259,4.755065259
432,Kendujhar,0.114076705,0.342230116,0.22815341
433,Khordha,0,1.68688523,0.843442615
434,Koraput,0.298403897,0.298403897,0.298403897
435,Malkangiri,0,0,0
436,Mayurbhanj,1.121439856,1.121439856,1.121439856
437,Nabarangapur,0.082182984,0.164365967,0.123274475
438,Nayagarh,0,1.079259468,0.539629734
439,Nuapada,0.103338565,0.103338565,0.103338565
440,Puri,0,6.851220875,3.425610437
441,Rayagada,0,0,0
442,Sambalpur,0.087983597,0.087983597,0.087983597
443,Subarnapur,0.216736934,0.216736934,0.216736934
444,Sundargarh,0,0.112039101,0.05601955
445,Karaikal,0.895003675,0.895003675,0.895003675
446,Mahe,1.758064518,1.758064518,1.758064518
447,Puducherry,0.714285714,0,0.357142857
448,Yanam,0.889339187,0.444669594,0.66700439
449,Amritsar,0,0.220491193,0.110245596
450,Barnala,0,0,0
451,Bathinda,0,0,0
452,Faridkot,0,0,0
453,Fatehgarh Sahib,0.226827553,0.226827553,0.226827553
454,Fazilka,0,0,0
455,Firozpur,0,0,0
456,Gurdaspur,0,1.080362522,0.540181261
457,Hoshiarpur,4.164936066,4.164936066,4.164936066
458,Jalandhar,0,0,0
459,Kapurthala,0,0,0
460,Ludhiana,0.209257908,0.209257908,0.209257908
461,Mansa,0,0,0
462,Moga,0,0,0
463,Muktsar,0,0,0
464,Pathankot,0,0.917541431,0.458770715
465,Patiala,0,0,0
466,Rupnagar,0,1.24361246,0.62180623
467,Sahibzada Ajit Singh Nagar,0,0.989714781,0.49485739
468,Sangrur,0,0,0
469,Shahid Bhagat Singh Nagar,1.233067625,1.233067625,1.233067625
470,Tarn Taran,0,0.772523519,0.38626176
471,Ajmer,0,0.117745021,0.058872511
472,Alwar,0,0,0
473,Banswara,2.039580865,2.039580865,2.039580865
474,Baran,0.138600657,0.138600657,0.138600657
475,Barmer,0.00015029,0,7.51E-05
476,Bharatpur,0,0,0
477,Bhilwara,0,0,0
478,Bikaner,0,0,0
479,Bundi,0.019960194,0.019960194,0.019960194
480,Chittaurgarh,0.127526517,0.170035355,0.148780936
481,Churu,0,0,0
482,Dausa,0,0.517417527,0.258708763
483,Dhaulpur,0,1.160831543,0.580415772
484,Dungarpur,1.568282495,0,0.784141247
485,Ganganagar,0,0,0
486,Hanumangarh,0,0,0
487,Jaipur,0.133337332,0.533349328,0.33334333
488,Jaisalmer,0,0,0
489,Jalor,0,0,0
490,Jhalawar,0,0,0
491,Jhunjhunun,0,0,0
492,Jodhpur,0,0,0
493,Karauli,0,0.591180479,0.29559024
494,Kota,0.328972429,0.657944858,0.493458644
495,Nagaur,0.002555415,0.000851805,0.00170361
496,Pali,0.015422667,0.007711333,0.011567
497,Pratapgarh,0.326051108,0.326051108,0.326051108
498,Rajsamand,0,0.162373176,0.081186588
499,Sawai Madhopur,0.427865843,0,0.213932921
500,Sikar,0.160506281,0,0.080253141
501,Sirohi,0.320194241,0.320194241,0.320194241
502,Tonk,0,0.0740988,0.0370494
503,Udaipur,0.187093078,0.74837231,0.467732694
504,East Sikkim,0,0,0
505,North Sikkim,0,0,0
506,South Sikkim,0,0,0
507,West Sikkim,0,0,0
508,Ariyalur,0,0.068698569,0.034349285
509,Chennai,0.504182691,0,0.252091345
510,Coimbatore,0,1.321023964,0.660511982
511,Cuddalore,1.953975218,0.976987609,1.465481414
512,Dharmapuri,0,0.546679127,0.273339564
513,Dindigul,0,0,0
514,Erode,0,0.608654057,0.304327028
515,Kancheepuram,1.117569057,0.558784528,0.838176793
516,Kanniyakumari,0,0.676739625,0.338369813
517,Karur,0,0.900577092,0.450288546
518,Krishnagiri,0,0,0
519,Madurai,0,0,0
520,Nagappattinam,1.206509984,0.804339989,1.005424987
521,Namakkal,0,0,0
522,Perambalur,0.048459402,0.145378207,0.096918805
523,Pudukkottai,0,0.457988856,0.228994428
524,Ramanathapuram,0,0.388050421,0.19402521
525,Salem,0,1.376807731,0.688403865
526,Sivaganga,0,0,0
527,Thanjavur,2.127093117,2.127093117,2.127093117
528,The Nilgiris,0,0.235271153,0.117635577
529,Theni,0,1.823336186,0.911668093
530,Thiruvallur,0.395502561,0.263668374,0.329585468
531,Thiruvarur,2.321533183,2.321533183,2.321533183
532,Thoothukkudi,0,0.322648194,0.161324097
533,Tiruchirappalli,0,0,0
534,Tirunelveli,0,0,0
535,Tiruppur,0,0.693026635,0.346513317
536,Tiruvannamalai,0.382567505,0.382567505,0.382567505
537,Vellore,0.605033495,0.605033495,0.605033495
538,Viluppuram,0.799466187,0,0.399733093
539,Virudunagar,0,0.503044416,0.251522208
540,Adilabad,0.105257011,0.157885516,0.131571264
541,Hyderabad,0,0,0
542,Karimnagar,0.236239187,0.472478373,0.35435878
543,Khammam,0.22201752,0.22201752,0.22201752
544,Mahbubnagar,0.018200769,0.091003844,0.054602306
545,Medak,0,0.328537881,0.164268941
546,Nalgonda,0.045280443,0.045280443,0.045280443
547,Nizamabad,0.27533742,0.550674839,0.413006129
548,Ranga Reddy,0,0,0
549,Warangal,0.100872911,0.403491642,0.252182276
550,Dhalai,0.120419235,0.120419235,0.120419235
551,Gomati,1.005180958,1.005180958,1.005180958
552,Khowai,0.261916882,0.261916882,0.261916882
553,North Tripura,0.811052535,1.351754226,1.081403381
554,Sipahijala,0.407685345,0.407685345,0.407685345
555,South Tripura,0.313561984,0.313561984,0.313561984
556,Unokoti,1.648809103,1.648809103,1.648809103
557,West Tripura,0.607861675,0.607861675,0.607861675
558,Agra,0,0,0
559,Aligarh,0,0.678026481,0.33901324
560,Allahabad,0.847726791,1.695453582,1.271590186
561,Ambedkar Nagar,0,0,0
562,Amethi,1.206735637,2.413471275,1.810103456
563,Amroha,0,1.712689457,0.856344728
564,Auraiya,1.880636609,1.880636609,1.880636609
565,Azamgarh,1.913825392,1.913825392,1.913825392
566,Baghpat,0.335304196,0.335304196,0.335304196
567,Bahraich,4.038651326,4.038651326,4.038651326
568,Ballia,2.344295074,2.344295074,2.344295074
569,Balrampur,0,2.238166192,1.119083096
570,Banda,0,2.916247692,1.458123846
571,Barabanki,2.29737358,2.29737358,2.29737358
572,Bareilly,1.895344638,1.895344638,1.895344638
573,Basti,1.347704678,1.347704678,1.347704678
574,Bijnor,2.682973965,1.341486983,2.012230474
575,Budaun,2.542532459,2.542532459,2.542532459
576,Bulandshahr,1.971119287,1.971119287,1.971119287
577,Chandauli,0.910172503,1.820345006,1.365258754
578,Chitrakoot,0,3.632473262,1.816236631
579,Deoria,1.276766759,2.127944599,1.702355679
580,Etah,1.715918908,1.715918908,1.715918908
581,Etawah,0.314505962,1.258023846,0.786264904
582,Faizabad,1.730246566,1.730246566,1.730246566
583,Farrukhabad,0,2.963458845,1.481729422
584,Fatehpur,0,2.79983858,1.39991929
585,Firozabad,0,2.253485272,1.126742636
586,Gautam Buddha Nagar,0.991355464,0.991355464,0.991355464
587,Ghaziabad,0.483707995,0.967415991,0.725561993
588,Ghazipur,0,1.717302364,0.858651182
589,Gonda,1.426459133,1.426459133,1.426459133
590,Gorakhpur,1.682209308,1.682209308,1.682209308
591,Hamirpur,0,0.61000766,0.30500383
592,Hapur,0.591856561,1.183713123,0.887784842
593,Hardoi,2.131315349,3.196973024,2.664144187
594,Hathras,0,0,0
595,Jalaun,0.820929416,0.820929416,0.820929416
596,Jaunpur,0,0,0
597,Jhansi,0.721828131,0.721828131,0.721828131
598,Kannauj,0,3.003156054,1.501578027
599,Kanpur Dehat,0,2.380426912,1.190213456
600,Kanpur Nagar,0,2.168094873,1.084047437
601,Kasganj,1.203676834,1.805515251,1.504596042
602,Kaushambi,2.450459502,2.450459502,2.450459502
603,Kushinagar,0,2.981256736,1.490628368
604,Lakhimpur Kheri,1.858791165,1.23919411,1.548992638
605,Lalitpur,0.164351244,0.328702487,0.246526865
606,Lucknow,1.43838005,1.43838005,1.43838005
607,Maharajganj,0,3.15287349,1.576436745
608,Mahoba,0,0.418087979,0.209043989
609,Mainpuri,0,0,0
610,Mathura,0,0,0
611,Mau,0,1.605475773,0.802737887
612,Meerut,0,1.343343971,0.671671986
613,Mirzapur,0.74376531,1.487530621,1.115647966
614,Moradabad,0.931613449,2.329033622,1.630323536
615,Muzaffarnagar,1.894402408,0,0.947201204
616,Pilibhit,1.935605908,1.935605908,1.935605908
617,Pratapgarh,2.007526764,2.007526764,2.007526764
618,Rae Bareli,0,2.128099941,1.064049971
619,Rampur,0,0.83063477,0.415317385
620,Saharanpur,1.624495398,1.624495398,1.624495398
621,Sambhal,0,2.726143568,1.363071784
622,Sant Kabir Nagar,2.629481846,2.629481846,2.629481846
623,Sant Ravi Das Nagar,0.369929416,1.109788248,0.739858832
624,Shahjahanpur,1.056390364,0,0.528195182
625,Shamli,0.975455898,0,0.487727949
626,Shravasti,0,2.668554395,1.334277198
627,Siddharth Nagar,3.40842281,3.40842281,3.40842281
628,Sitapur,3.257878659,3.257878659,3.257878659
629,Sonbhadra,0,1.330236219,0.66511811
630,Sultanpur,2.751868383,2.751868383,2.751868383
631,Unnao,0,4.170274782,2.085137391
632,Varanasi,1.430616866,1.430616866,1.430616866
633,Almora,0,0,0
634,Bageshwar,0,0,0
635,Chamoli,0,0,0
636,Champawat,0,0,0
637,Dehradun,0.460391133,1.074245978,0.767318555
638,Garhwal,0,0.129700701,0.064850351
639,Hardwar,1.54576767,1.54576767,1.54576767
640,Nainital,0.298400994,0.298400994,0.298400994
641,Pithoragarh,0,0,0
642,Rudraprayag,0,0,0
643,Tehri Garhwal,0.105900371,0.211800742,0.158850556
644,Udham Singh Nagar,0.543170095,1.086340189,0.814755142
645,Uttarkashi,0,0,0
646,Alipurduar,1.104141451,1.104141451,1.104141451
647,Bankura,1.389876573,1.389876573,1.389876573
648,Barddhaman,2.134852054,2.134852054,2.134852054
649,Birbhum,1.795720702,1.795720702,1.795720702
650,Dakshin Dinajpur,3.037024569,3.037024569,3.037024569
651,Darjiling,2.20026779,2.20026779,2.20026779
652,Haora,1.564422032,1.564422032,1.564422032
653,Hugli,2.699850392,2.699850392,2.699850392
654,Jalpaiguri,1.722276021,1.722276021,1.722276021
655,Koch Bihar,3.177990911,3.177990911,3.177990911
656,Kolkata,1,1,1
657,Maldah,2.563189486,2.563189486,2.563189486
658,Murshidabad,1.184141791,3.552425373,2.368283582
659,Nadia,2.395331572,2.395331572,2.395331572
660,North 24 Parganas,2.303634171,2.303634171,2.303634171
661,Pashchim Medinipur,2.765290391,2.765290391,2.765290391
662,Purba Medinipur,2.58709843,2.58709843,2.58709843
663,Puruliya,0.752384555,1.50476911,1.128576832
664,South 24 Parganas,2.207312881,2.207312881,2.207312881
665,Uttar Dinajpur,2.412137161,2.412137161,2.412137161
